"filename","status","age","gender","认知","Unnamed: 5","分组.1","教育年限","mmse","MoCA","HAMD总","HAMA总"
"Sub171","NL","68","1","0","","HC","6.0","28","23","2.0","8.0"
"Sub093","NL","61","2","0","","HC","15.0","29","30","2.0","9.0"
"Sub090","NL","63","1","0","","HC","16.0","28","25","4.0","5.0"
"Sub301","SCD","66","2","0","","SCD","9.0","29","29","8.0","16.0"
"Sub061","NL","66","1","0","","HC","0.0","25","20","5.0","10.0"
"Sub194","SCD","80","1","0","","SCD","15.0","27","27","4.0","13.0"
"Sub068","NL","64","1","0","","HC","15.0","29","27","4.0","6.0"
"Sub033","NL","61","1","0","","HC","12.0","29","28","",""
"Sub239","SCD","58","2","0","","SCD","12.0","27","25","9.0","14.0"
"Sub070","NL","52","1","0","","HC","12.0","26","26","3.0","9.0"
"Sub058","NL","59","1","0","","HC","12.0","29","25","3.0","3.0"
"Sub083","NL","58","2","0","","HC","12.0","30","29","11.0","22.0"
"Sub001","NL","52","1","0","","HC","15.0","29","25","6.0","6.0"
"Sub236","SCD","69","2","0","","SCD","12.0","29","28","10.0","11.0"
"Sub091","NL","70","2","0","","HC","15.0","25","27","4.0","3.0"
"Sub211","SCD","69","1","0","","SCD","0.0","27","16","0.0","0.0"
"Sub041","NL","63","2","0","","HC","15.0","28","27","6.0","9.0"
"Sub063","NL","62","2","0","","HC","16.0","30","27","10.0","17.0"
"Sub285","SCD","81","2","0","","SCD","12.0","29","27","1.0","1.0"
"Sub280","SCD","62","1","0","","SCD","16.0","29","27","11.0","25.0"
"Sub084","NL","72","2","0","","HC","15.0","29","25","8.0","21.0"
"Sub254","SCD","50","1","0","","SCD","22.0","29","27","5.0","5.0"
"Sub203","SCD","57","2","0","","SCD","16.0","29","28","7.0","15.0"
"Sub094","NL","57","1","0","","HC","12.0","30","29","8.0","18.0"
"Sub014","NL","67","1","0","","HC","9.0","26","26","6.0","11.0"
"Sub043","NL","68","2","0","","HC","6.0","27","22","",""
"Sub120","NL","54","1","0","","HC","13.0","30","28","3.0","11.0"
"Sub107","NL","59","1","0","","HC","6.0","29","21","0.0","0.0"
"Sub054","NL","69","1","0","","HC","16.0","30","28","3.0","4.0"
"Sub077","NL","58","1","0","","HC","12.0","29","26","2.0","3.0"
"Sub071","NL","67","1","0","","HC","9.0","30","25","2.0","3.0"
"Sub232","SCD","71","1","0","","SCD","15.0","30","27","5.0","6.0"
"Sub175","NL","59","2","0","","HC","2.0","27","25","5.0","7.0"
"Sub127","NL","51","1","0","","HC","9.0","29","25","2.0","5.0"
"Sub138","NL","73","1","0","","HC","15.0","30","28","17.0","21.0"
"Sub222","SCD","51","2","0","","SCD","12.0","30","27","0.0","0.0"
"Sub025","NL","55","1","0","","HC","16.0","30","27","2.0","5.0"
"Sub284","SCD","72","1","0","","SCD","0.0","26","19","8.0","9.0"
"Sub056","NL","55","1","0","","HC","12.0","30","26","0.0","0.0"
"Sub082","NL","65","1","0","","HC","9.0","29","25","12.0","14.0"
"Sub115","NL","60","1","0","","HC","15.0","30","27","2.0","0.0"
"Sub169","NL","53","1","0","","HC","12.0","30","27","22.0","23.0"
"Sub047","NL","70","2","0","","HC","9.0","30","27","2.0","1.0"
"Sub087","NL","66","2","0","","HC","9.0","30","26","8.0","10.0"
"Sub143","NL","66","1","0","","HC","9.0","29","25","17.0","24.0"
"Sub215","SCD","65","2","0","","SCD","9.0","29","25","7.0","11.0"
"Sub121","NL","57","1","0","","HC","12.0","29","25","1.0","6.0"
"Sub053","NL","55","2","0","","HC","9.0","28","27","8.0","12.0"
"Sub034","NL","61","1","0","","HC","","27","26","7.0","14.0"
"Sub250","SCD","52","1","0","","SCD","9.0","27","27","0.0","1.0"
"Sub102","NL","65","2","0","","HC","6.0","25","23","12.0","14.0"
"Sub252","SCD","54","2","0","","SCD","0.0","26","20","2.0","2.0"
"Sub178","NL","58","1","0","","HC","12.0","28","26","4.0","3.0"
"Sub108","NL","81","1","0","","HC","15.0","28","26","1.0","1.0"
"Sub022","NL","60","1","0","","HC","12.0","30","27","2.0","6.0"
"Sub074","NL","61","2","0","","HC","1.0","28","20","1.0","5.0"
"Sub256","SCD","71","2","0","","SCD","16.0","30","26","5.0","4.0"
"Sub262","SCD","66","1","0","","SCD","11.0","29","28","3.0","3.0"
"Sub248","SCD","65","1","0","","SCD","15.0","29","27","9.0","7.0"
"Sub181","NL","74","2","0","","HC","9.0","28","26","8.0","11.0"
"Sub265","SCD","56","2","0","","SCD","19.0","30","30","4.0","3.0"
"Sub180","NL","64","1","0","","HC","9.0","27","26","9.0","19.0"
"Sub103","NL","64","1","0","","HC","22.0","28","27","1.0","1.0"
"Sub009","NL","79","2","0","","HC","14.0","30","26","0.0","4.0"
"Sub240","SCD","65","2","0","","SCD","5.0","27","21","4.0","4.0"
"Sub225","SCD","75","1","0","","SCD","16.0","29","26","4.0","11.0"
"Sub207","SCD","53","2","0","","SCD","15.0","29","29","6.0","14.0"
"Sub067","NL","62","1","0","","HC","15.0","30","28","5.0","11.0"
"Sub040","NL","54","1","0","","HC","6.0","29","21","9.0","11.0"
"Sub003","NL","51","1","0","","HC","12.0","29","28","3.0","5.0"
"Sub007","NL","73","2","0","","HC","16.0","30","27","0.0","0.0"
"Sub261","SCD","66","1","0","","SCD","12.0","29","26","4.0","2.0"
"Sub279","SCD","58","2","0","","SCD","15.0","30","27","4.0","2.0"
"Sub274","SCD","60","1","0","","SCD","16.0","30","28","0.0","5.0"
"Sub216","SCD","56","1","0","","SCD","9.0","30","27","3.0","7.0"
"Sub123","NL","66","1","0","","HC","6.0","29","24","8.0","12.0"
"Sub202","SCD","57","2","0","","SCD","22.0","30","29","2.0","9.0"
"Sub246","SCD","71","2","0","","SCD","12.0","29","26","6.0","17.0"
"Sub272","SCD","64","1","0","","SCD","15.0","30","28","0.0","0.0"
"Sub010","NL","63","1","0","","HC","15.0","29","28","0.0","0.0"
"Sub177","NL","75","2","0","","HC","9.0","27","25","16.0","15.0"
"Sub020","NL","76","2","0","","HC","16.0","29","27","13.0","24.0"
"Sub163","NL","80","1","0","","HC","11.0","30","26","2.0","7.0"
"Sub128","NL","60","1","0","","HC","15.0","26","26","6.0","8.0"
"Sub231","SCD","63","2","0","","SCD","12.0","27","27","12.0","25.0"
"Sub129","NL","63","1","0","","HC","12.0","29","27","2.0","2.0"
"Sub028","NL","77","1","0","","HC","16.0","30","27","1.0","1.0"
"Sub079","NL","62","1","0","","HC","12.0","29","27","1.0","3.0"
"Sub006","NL","66","1","0","","HC","12.0","30","26","2.0","4.0"
"Sub275","SCD","87","1","0","","SCD","16.0","29","26","0.0","0.0"
"Sub046","NL","60","2","0","","HC","1.0","25","20","9.0","6.0"
"Sub270","SCD","53","1","0","","SCD","12.0","30","29","5.0","9.0"
"Sub095","NL","56","2","0","","HC","12.0","29","28","8.0","13.0"
"Sub116","NL","60","2","0","","HC","16.0","27","25","6.0","7.0"
"Sub277","SCD","61","2","0","","SCD","6.0","26","22","11.0","23.0"
"Sub073","NL","76","2","0","","HC","10.0","27","25","18.0","19.0"
"Sub233","SCD","69","2","0","","SCD","9.0","27","29","5.0","14.0"
"Sub137","NL","55","1","0","","HC","16.0","30","28","3.0","3.0"
"Sub183","SCD","62","1","0","","SCD","15.0","27","26","9.0","10.0"
"Sub227","SCD","72","2","0","","SCD","9.0","25","25","17.0","22.0"
"Sub165","NL","66","1","0","","HC","13.0","30","25","4.0","6.0"
"Sub072","NL","76","2","0","","HC","15.0","30","25","3.0","7.0"
"Sub300","SCD","55","2","0","","SCD","12.0","29","29","16.0","21.0"
"Sub168","NL","56","2","0","","HC","16.0","30","29","7.0","11.0"
"Sub153","NL","60","1","0","","HC","12.0","29","26","6.0","6.0"
"Sub029","NL","55","1","0","","HC","16.0","30","29","3.0","9.0"
"Sub200","SCD","62","2","0","","SCD","16.0","29","25","6.0","6.0"
"Sub099","NL","65","1","0","","HC","14.0","29","28","6.0","5.0"
"Sub130","NL","59","1","0","","HC","12.0","30","25","6.0","6.0"
"Sub260","SCD","57","2","0","","SCD","19.0","29","27","6.0","21.0"
"Sub114","NL","58","2","0","","HC","15.0","29","25","10.0","15.0"
"Sub161","NL","60","1","0","","HC","12.0","28","25","0.0","0.0"
"Sub092","NL","75","2","0","","HC","12.0","30","29","3.0","10.0"
"Sub048","NL","55","1","0","","HC","15.0","28","25","2.0","2.0"
"Sub139","NL","52","1","0","","HC","19.0","30","28","0.0","0.0"
"Sub253","SCD","64","1","0","","SCD","4.0","25","22","3.0","5.0"
"Sub263","SCD","77","2","0","","SCD","9.0","27","25","5.0","5.0"
"Sub109","NL","62","2","0","","HC","12.0","28","28","6.0","12.0"
"Sub132","NL","57","2","0","","HC","6.0","29","22","14.0","10.0"
"Sub144","NL","56","2","0","","HC","16.0","27","25","5.0","12.0"
"Sub156","NL","62","1","0","","HC","12.0","29","27","4.0","11.0"
"Sub197","SCD","73","2","0","","SCD","16.0","30","26","18.0","26.0"
"Sub052","NL","70","1","0","","HC","9.0","29","28","0.0","0.0"
"Sub081","NL","56","1","0","","HC","19.0","28","25","4.0","4.0"
"Sub135","NL","55","1","0","","HC","16.0","29","25","0.0","0.0"
"Sub209","SCD","69","1","0","","SCD","19.0","28","28","13.0","24.0"
"Sub208","SCD","61","2","0","","SCD","12.0","30","27","4.0","13.0"
"Sub213","SCD","75","2","0","","SCD","9.0","27","27","9.0","12.0"
"Sub024","NL","57","1","0","","HC","12.0","29","27","3.0","3.0"
"Sub296","SCD","54","2","0","","SCD","7.0","29","28","8.0","20.0"
"Sub032","NL","59","2","0","","HC","12.0","28","27","",""
"Sub055","NL","54","1","0","","HC","6.0","29","26","5.0","4.0"
"Sub258","SCD","81","2","0","","SCD","16.0","29","26","4.0","7.0"
"Sub198","SCD","60","2","0","","SCD","15.0","28","29","5.0","4.0"
"Sub212","SCD","69","2","0","","SCD","12.0","27","27","7.0","8.0"
"Sub219","SCD","61","1","0","","SCD","9.0","30","25","3.0","11.0"
"Sub118","NL","53","2","0","","HC","9.0","29","25","0.0","1.0"
"Sub189","SCD","73","2","0","","SCD","9.0","28","25","1.0","6.0"
"Sub293","SCD","60","1","0","","SCD","16.0","30","28","4.0","2.029411765"
"Sub229","SCD","55","2","0","","SCD","9.0","29","26","9.0","13.0"
"Sub290","SCD","74","1","0","","SCD","15.0","29","27","8.0","7.0"
"Sub060","NL","58","1","0","","HC","15.0","30","29","6.0","6.0"
"Sub192","SCD","62","1","0","","SCD","16.0","29","28","4.0","4.0"
"Sub141","NL","58","1","0","","HC","","27","25","8.0","12.0"
"Sub244","SCD","68","1","0","","SCD","9.0","29","25","3.0","3.0"
"Sub086","NL","71","1","0","","HC","6.0","28","26","6.0","9.0"
"Sub204","SCD","60","1","0","","SCD","6.0","26","23","2.0","7.0"
"Sub005","NL","72","1","0","","HC","12.0","30","27","1.0","6.0"
"Sub157","NL","76","2","0","","HC","15.0","29","25","3.0","5.0"
"Sub287","SCD","56","1","0","","SCD","16.0","30","26","11.0","27.0"
"Sub035","NL","51","1","0","","HC","9.0","28","25","6.0","12.0"
"Sub218","SCD","57","2","0","","SCD","3.0","25","21","7.0","19.0"
"Sub288","SCD","52","2","0","","SCD","6.0","29","22","8.0","10.0"
"Sub146","NL","55","1","0","","HC","19.0","30","27","3.0","5.0"
"Sub066","NL","69","2","0","","HC","9.0","29","25","4.0","12.0"
"Sub286","SCD","76","1","0","","SCD","11.0","29","25","1.0","5.0"
"Sub295","SCD","76","2","0","","SCD","14.0","28","25","0.0","0.0"
"Sub223","SCD","69","1","0","","SCD","16.0","28","25","9.0","11.0"
"Sub106","NL","70","1","0","","HC","16.0","29","27","1.0",""
"Sub264","SCD","64","2","0","","SCD","15.0","29","26","7.0","9.0"
"Sub101","NL","70","2","0","","HC","16.0","29","30","8.0","15.0"
"Sub064","NL","62","2","0","","HC","9.0","29","25","19.0","22.0"
"Sub221","SCD","71","2","0","","SCD","16.0","29","30","0.0","0.0"
"Sub110","NL","75","1","0","","HC","12.0","29","27","1.0","5.0"
"Sub045","NL","71","1","0","","HC","12.0","30","28","1.0","6.0"
"Sub080","NL","75","1","0","","HC","9.0","30","25","2.0","4.0"
"Sub205","SCD","57","1","0","","SCD","12.0","29","25","7.0","8.0"
"Sub160","NL","62","1","0","","HC","16.0","28","27","1.0","3.0"
"Sub042","NL","50","2","0","","HC","6.0","26","20","5.0","2.0"
"Sub013","NL","68","2","0","","HC","6.0","28","22","11.0","15.0"
"Sub299","SCD","53","1","0","","SCD","6.0","24","20","2.0","2.0"
"Sub122","NL","65","1","0","","HC","9.0","30","28","2.0","1.0"
"Sub147","NL","63","1","0","","HC","12.0","27","28","6.0","4.0"
"Sub195","SCD","50","1","0","","SCD","16.0","30","26","7.0","11.0"
"Sub159","NL","65","2","0","","HC","9.0","30","25","13.0","17.0"
"Sub057","NL","61","1","0","","HC","19.0","29","27","5.0","5.0"
"Sub166","NL","63","1","0","","HC","9.0","30","25","5.0","8.0"
"Sub228","SCD","61","1","0","","SCD","12.0","30","28","1.0","5.0"
"Sub164","NL","51","1","0","","HC","22.0","28","29","2.0","4.0"
"Sub185","SCD","51","2","0","","SCD","5.0","29","20","1.0","3.0"
"Sub193","SCD","63","2","0","","SCD","9.0","30","25","4.0","3.0"
"Sub030","NL","62","2","0","","HC","12.0","29","28","4.0","9.0"
"Sub214","SCD","66","2","0","","SCD","9.0","29","26","17.0","27.0"
"Sub051","NL","61","2","0","","HC","12.0","30","27","5.0","6.0"
"Sub151","NL","61","1","0","","HC","14.0","30","27","2.0","5.0"
"Sub018","NL","66","1","0","","HC","15.0","29","26","6.0","11.0"
"Sub027","NL","66","1","0","","HC","15.0","28","25","3.0","7.0"
"Sub190","SCD","54","1","0","","SCD","15.0","28","26","11.0","9.0"
"Sub125","NL","70","1","0","","HC","16.0","28","25","0.0","2.0"
"Sub230","SCD","57","1","0","","SCD","16.0","30","29","9.0","11.0"
"Sub059","NL","57","1","0","","HC","15.0","28","25","29.0","29.0"
"Sub021","NL","59","1","0","","HC","22.0","30","27","6.0","4.0"
"Sub085","NL","62","1","0","","HC","12.0","28","25","4.0","4.0"
"Sub078","NL","59","1","0","","HC","14.0","30","27","0.0","2.0"
"Sub089","NL","64","2","0","","HC","9.0","30","28","11.0","10.0"
"Sub235","SCD","65","1","0","","SCD","15.0","29","28","2.0","4.0"
"Sub075","NL","69","1","0","","HC","9.0","30","25","0.0","2.0"
"Sub150","NL","67","1","0","","HC","12.0","29","28","4.0","6.0"
"Sub188","SCD","66","1","0","","SCD","15.0","28","27","18.0","27.0"
"Sub167","NL","53","1","0","","HC","22.0","29","26","8.0","17.0"
"Sub234","SCD","66","2","0","","SCD","11.0","28","27","10.0","8.0"
"Sub015","NL","76","2","0","","HC","12.0","29","28","3.0","6.0"
"Sub273","SCD","58","1","0","","SCD","16.0","28","27","1.0","5.0"
"Sub065","NL","63","2","0","","HC","12.0","30","26","4.0","7.0"
"Sub217","SCD","50","1","0","","SCD","9.0","29","30","0.0","0.0"
"Sub242","SCD","53","1","0","","SCD","12.0","29","25","0.0","2.0"
"Sub136","NL","83","1","0","","HC","12.0","29","26","1.0","1.0"
"Sub170","NL","58","1","0","","HC","9.0","30","26","12.0","9.0"
"Sub019","NL","67","2","0","","HC","9.0","30","26","9.0","18.0"
"Sub098","NL","57","1","0","","HC","19.0","30","27","9.0","21.0"
"Sub259","SCD","77","2","0","","SCD","11.0","29","28","6.0","23.0"
"Sub173","NL","53","1","0","","HC","16.0","30","27","2.0","4.0"
"Sub292","SCD","50","2","0","","SCD","16.0","30","29","7.0","11.0"
"Sub131","NL","75","1","0","","HC","9.0","27","25","3.0","3.0"
"Sub187","SCD","50","2","0","","SCD","22.0","30","29","7.0","20.0"
"Sub011","NL","54","2","0","","HC","9.0","29","26","13.0","24.0"
"Sub289","SCD","82","1","0","","SCD","15.0","27","27","5.0","10.0"
"Sub152","NL","64","2","0","","HC","12.0","28","26","9.0","15.0"
"Sub119","NL","51","1","0","","HC","16.0","29","26","2.0","7.0"
"Sub243","SCD","73","2","0","","SCD","16.0","29","28","10.0","20.0"
"Sub038","NL","70","1","0","","HC","15.0","30","25","4.0","7.0"
"Sub182","SCD","69","2","0","","SCD","15.0","29","27","8.0","8.0"
"Sub008","NL","59","2","0","","HC","12.0","26","25","10.0","21.0"
"Sub134","NL","68","1","0","","HC","12.0","29","28","13.0","16.0"
"Sub276","SCD","60","1","0","","SCD","16.0","30","27","18.0","29.0"
"Sub124","NL","55","2","0","","HC","6.0","29","22","5.0","0.0"
"Sub062","NL","78","2","0","","HC","16.0","26","29","4.0","6.0"
"Sub037","NL","65","1","0","","HC","9.0","30","28","0.0","0.0"
"Sub201","SCD","61","1","0","","SCD","11.0","29","27","2.0","1.0"
"Sub206","SCD","82","1","0","","SCD","22.0","30","26","0.0","5.0"
"Sub266","SCD","58","2","0","","SCD","12.0","27","28","18.0","26.0"
"Sub049","NL","56","2","0","","HC","12.0","28","28","3.0","6.0"
"Sub199","SCD","54","2","0","","SCD","16.0","30","25","2.0","2.0"
"Sub148","NL","68","1","0","","HC","15.0","28","25","9.0","14.0"
"Sub039","NL","76","2","0","","HC","12.0","30","27","8.0","5.0"
"Sub002","NL","51","2","0","","HC","2.0","28","23","6.0","12.0"
"Sub191","SCD","58","1","0","","SCD","16.0","30","27","0.0","0.0"
"Sub140","NL","80","1","0","","HC","12.0","28","30","0.0","0.0"
"Sub298","SCD","50","2","0","","SCD","16.0","28","27","1.0","1.0"
"Sub026","NL","59","1","0","","HC","12.0","29","26","2.0","12.0"
